gfx,cu_num,token,model_dim,inter_dim,expert,topk,act_type,dtype,q_dtype_a,q_dtype_w,q_type,use_g1u1,doweight_stage1,block_m,ksplit,us1,kernelName1,err1,us2,kernelName2,err2,us,run_1stage,xbf16,flat,tflops,bw,_tag
gfx950,256,1,4096,1536,16,7,ActivationType.Silu,torch.bfloat16,torch.float4_e2m1fn_x2,torch.float4_e2m1fn_x2,QuantType.per_1x32,1,0,32,0,12.9148,flydsl_moe1_afp4_wfp4_bf16_t32x64x256_w4_bnt0_kw2_fp4,0.9%,9.1452,flydsl_moe2_layout_afp4_wfp4_bf16_t32x128x256_atomic_sbm32,1.1%,22.06,0,0,0,11.98,13690.04,
gfx950,256,1,4096,1536,32,7,ActivationType.Silu,torch.bfloat16,torch.float4_e2m1fn_x2,torch.float4_e2m1fn_x2,QuantType.per_1x32,1,0,32,0,12.77,flydsl_moe1_afp4_wfp4_bf16_t32x64x256_w4_bnt0_kw2_fp4,0.9%,9.1419,flydsl_moe2_layout_afp4_wfp4_bf16_t32x128x256_atomic_sbm32,1.1%,21.9119,0,0,0,12.06,27564.57,
gfx950,256,1,4096,1536,64,7,ActivationType.Silu,torch.bfloat16,torch.float4_e2m1fn_x2,torch.float4_e2m1fn_x2,QuantType.per_1x32,1,0,32,0,12.9754,flydsl_moe1_afp4_wfp4_bf16_t32x64x256_w4_bnt0_kw2_fp4,0.9%,9.3882,flydsl_moe2_layout_afp4_wfp4_bf16_t32x128x256_atomic_sbm32,1.1%,22.3636,0,0,0,11.82,54015.09,
gfx950,256,1,4096,1536,128,8,ActivationType.Silu,torch.bfloat16,torch.float4_e2m1fn_x2,torch.float4_e2m1fn_x2,QuantType.per_1x32,1,0,64,0,16.4982,flydsl_moe1_afp4_wfp4_bf16_t64x128x256_w2_fp4,0.1%,5.9316,flydsl_moe2_layout_afp4_wfp4_bf16_t64x128x256_atomic_sbm64,2.5%,22.4298,0,0,0,13.47,107710.8,
gfx950,256,2,4096,1536,16,7,ActivationType.Silu,torch.bfloat16,torch.float4_e2m1fn_x2,torch.float4_e2m1fn_x2,QuantType.per_1x32,1,0,32,0,17.7596,flydsl_moe1_afp4_wfp4_bf16_t32x128x256_bnt0_fp4,0.1%,12.6474,moe_ck2stages_gemm2_256x32x128x128_1x4_MulABScaleExpertWeightShuffled_v3_Nswizzle0_Quant3_MulRoutedWeight1_FP4X2_FP4X2_B16,2.5%,30.407,0,0,0,17.38,9932.4,
gfx950,256,2,4096,1536,32,7,ActivationType.Silu,torch.bfloat16,torch.float4_e2m1fn_x2,torch.float4_e2m1fn_x2,QuantType.per_1x32,1,0,32,0,19.0291,flydsl_moe1_afp4_wfp4_bf16_t32x64x256_w2_bnt0_fp4,0.2%,12.5885,moe_ck2stages_gemm2_256x32x128x128_1x4_MulABScaleExpertWeightShuffled_v3_Nswizzle0_Quant3_MulRoutedWeight1_FP4X2_FP4X2_B16,2.7%,31.6176,0,0,0,16.71,19103.42,
gfx950,256,2,4096,1536,64,7,ActivationType.Silu,torch.bfloat16,torch.float4_e2m1fn_x2,torch.float4_e2m1fn_x2,QuantType.per_1x32,1,0,32,0,19.5777,flydsl_moe1_afp4_wfp4_bf16_t32x64x256_w2_bnt0_fp4,0.1%,14.9327,flydsl_moe2_afp4_wfp4_bf16_t32x128x256_atomic_bnt2,2.4%,34.5104,0,0,0,15.31,35003.48,
gfx950,256,2,4096,1536,128,8,ActivationType.Silu,torch.bfloat16,torch.float4_e2m1fn_x2,torch.float4_e2m1fn_x2,QuantType.per_1x32,1,0,64,0,19.755,flydsl_moe1_afp4_wfp4_bf16_t64x128x256_w2_bnt0_fp4,0.2%,11.3361,flydsl_moe2_layout_afp4_wfp4_bf16_t64x256x128_atomic_sbm64,2.6%,31.0911,0,0,0,19.42,77705.31,
gfx950,256,4,4096,1536,16,7,ActivationType.Silu,torch.bfloat16,torch.float4_e2m1fn_x2,torch.float4_e2m1fn_x2,QuantType.per_1x32,1,0,32,0,20.553,flydsl_moe1_afp4_wfp4_bf16_t32x128x256_w2_fp4,0.1%,15.4021,moe_ck2stages_gemm2_256x32x128x128_1x4_MulABScaleExpertWeightShuffled_v3_Nswizzle0_Quant3_MulRoutedWeight1_FP4X2_FP4X2_B16,2.3%,35.9551,0,0,0,29.4,8400.45,
gfx950,256,4,4096,1536,32,7,ActivationType.Silu,torch.bfloat16,torch.float4_e2m1fn_x2,torch.float4_e2m1fn_x2,QuantType.per_1x32,1,0,32,0,23.9979,flydsl_moe1_afp4_wfp4_bf16_t32x64x256_w4_fp4,0.2%,18.6188,flydsl_moe2_afp4_wfp4_bf16_t32x128x256_atomic_bnt2,2.5%,42.6167,0,0,0,24.8,14173.53,
gfx950,256,4,4096,1536,64,7,ActivationType.Silu,torch.bfloat16,torch.float4_e2m1fn_x2,torch.float4_e2m1fn_x2,QuantType.per_1x32,1,0,32,0,32.7775,flydsl_moe1_afp4_wfp4_bf16_t32x64x256_w3_fp4,0.2%,21.8462,flydsl_moe2_afp4_wfp4_bf16_t32x256x256_atomic_bnt2,2.3%,54.6237,0,0,0,19.35,22115.1,
gfx950,256,4,4096,1536,128,8,ActivationType.Silu,torch.bfloat16,torch.float4_e2m1fn_x2,torch.float4_e2m1fn_x2,QuantType.per_1x32,1,0,64,0,35.5994,flydsl_moe1_afp4_wfp4_bf16_t64x128x256_w2_bnt0_fp4,0.1%,18.8919,flydsl_moe2_layout_afp4_wfp4_bf16_t64x256x128_atomic_sbm64,2.6%,54.4913,0,0,0,22.17,44336.76,
gfx950,256,8,4096,1536,16,7,ActivationType.Silu,torch.bfloat16,torch.float4_e2m1fn_x2,torch.float4_e2m1fn_x2,QuantType.per_1x32,1,0,32,0,21.6809,flydsl_moe1_afp4_wfp4_bf16_t32x64x256_w2_bnt0_fp4,0.9%,14.3536,flydsl_moe2_layout_afp4_wfp4_bf16_t32x128x128_atomic_sbm32,1.2%,36.0345,0,0,0,58.66,8383.3,
gfx950,256,8,4096,1536,32,7,ActivationType.Silu,torch.bfloat16,torch.float4_e2m1fn_x2,torch.float4_e2m1fn_x2,QuantType.per_1x32,1,0,32,0,32.1696,flydsl_moe1_afp4_wfp4_bf16_t32x64x256_w3_fp4,0.1%,22.3283,flydsl_moe2_afp4_wfp4_bf16_t32x256x256_atomic,2.5%,54.4979,0,0,0,38.79,11084.43,
gfx950,256,8,4096,1536,64,7,ActivationType.Silu,torch.bfloat16,torch.float4_e2m1fn_x2,torch.float4_e2m1fn_x2,QuantType.per_1x32,1,0,32,0,43.6649,flydsl_moe1_afp4_wfp4_bf16_t32x128x256_w2_fp4,0.1%,29.0042,flydsl_moe2_afp4_wfp4_bf16_t32x128x256_atomic,2.2%,72.6691,0,0,0,29.09,16624.09,
gfx950,256,8,4096,1536,128,8,ActivationType.Silu,torch.bfloat16,torch.float4_e2m1fn_x2,torch.float4_e2m1fn_x2,QuantType.per_1x32,1,0,32,0,56.8563,flydsl_moe1_afp4_wfp4_bf16_t32x64x256_w3_kw2_fp4,0.1%,36.4952,flydsl_moe2_afp4_wfp4_bf16_t32x128x256_atomic_bnt2_persist,2.3%,93.3515,0,0,0,25.88,25880.86,
gfx950,256,16,4096,1536,16,7,ActivationType.Silu,torch.bfloat16,torch.float4_e2m1fn_x2,torch.float4_e2m1fn_x2,QuantType.per_1x32,1,0,32,0,21.5116,flydsl_moe1_afp4_wfp4_bf16_t32x64x256_w2_fp4,0.1%,15.9177,flydsl_moe2_afp4_wfp4_bf16_t32x128x256_atomic_bnt2,2.3%,37.4293,0,0,0,112.96,8073.53,
gfx950,256,16,4096,1536,32,7,ActivationType.Silu,torch.bfloat16,torch.float4_e2m1fn_x2,torch.float4_e2m1fn_x2,QuantType.per_1x32,1,0,32,0,34.635,flydsl_moe1_afp4_wfp4_bf16_t32x64x256_w3_fp4,0.1%,24.2421,flydsl_moe2_afp4_wfp4_bf16_t32x128x256_atomic,2.4%,58.8771,0,0,0,71.81,10261.65,
gfx950,256,16,4096,1536,64,7,ActivationType.Silu,torch.bfloat16,torch.float4_e2m1fn_x2,torch.float4_e2m1fn_x2,QuantType.per_1x32,1,0,32,0,59.9074,flydsl_moe1_afp4_wfp4_bf16_t32x128x256_w2_fp4,0.1%,37.7933,flydsl_moe2_afp4_wfp4_bf16_t32x128x256_atomic_bnt2,2.4%,97.7007,0,0,0,43.27,12365.89,
gfx950,256,16,4096,1536,128,8,ActivationType.Silu,torch.bfloat16,torch.float4_e2m1fn_x2,torch.float4_e2m1fn_x2,QuantType.per_1x32,1,0,32,0,85.3435,flydsl_moe1_afp4_wfp4_bf16_t32x64x256_w4_fp4,0.1%,52.0616,flydsl_moe2_afp4_wfp4_bf16_t32x256x256_atomic,2.4%,137.4051,0,0,0,35.16,17583.89,
gfx950,256,32,4096,1536,16,7,ActivationType.Silu,torch.bfloat16,torch.float4_e2m1fn_x2,torch.float4_e2m1fn_x2,QuantType.per_1x32,1,0,32,0,22.2294,flydsl_moe1_afp4_wfp4_bf16_t32x128x256_w4_fp4,0.1%,16.689,flydsl_moe2_afp4_wfp4_bf16_t32x128x256_atomic,2.3%,38.9184,0,0,0,217.27,7769.67,
gfx950,256,32,4096,1536,32,7,ActivationType.Silu,torch.bfloat16,torch.float4_e2m1fn_x2,torch.float4_e2m1fn_x2,QuantType.per_1x32,1,0,32,0,36.7369,flydsl_moe1_afp4_wfp4_bf16_t32x64x256_w4_fp4,0.9%,24.938,flydsl_moe2_layout_afp4_wfp4_bf16_t32x256x256_atomic_nt_sbm32,1.1%,61.6749,0,0,0,137.1,9799.33,
gfx950,256,32,4096,1536,64,7,ActivationType.Silu,torch.bfloat16,torch.float4_e2m1fn_x2,torch.float4_e2m1fn_x2,QuantType.per_1x32,1,0,32,0,65.9918,flydsl_moe1_afp4_wfp4_bf16_t32x64x256_w4_kw2_fp4,0.1%,41.4641,flydsl_moe2_afp4_wfp4_bf16_t32x256x256_atomic_bnt2_persist,2.3%,107.4559,0,0,0,78.69,11245.1,
gfx950,256,32,4096,1536,128,8,ActivationType.Silu,torch.bfloat16,torch.float4_e2m1fn_x2,torch.float4_e2m1fn_x2,QuantType.per_1x32,1,0,32,0,114.152,flydsl_moe1_afp4_wfp4_bf16_t32x64x256_w3_kw2_fp4,0.2%,66.2826,flydsl_moe2_afp4_wfp4_bf16_t32x128x256_atomic_bnt2_persist,2.4%,180.4346,0,0,0,53.56,13391.62,
gfx950,256,64,4096,1536,16,7,ActivationType.Silu,torch.bfloat16,torch.float4_e2m1fn_x2,torch.float4_e2m1fn_x2,QuantType.per_1x32,1,0,32,0,22.5145,flydsl_moe1_afp4_wfp4_bf16_t32x128x256_w2_fp4,0.9%,18.2116,flydsl_moe2_layout_afp4_wfp4_bf16_t32x128x256_atomic_sbm32,1.1%,40.7261,0,0,0,415.25,7434.45,
gfx950,256,64,4096,1536,32,7,ActivationType.Silu,torch.bfloat16,torch.float4_e2m1fn_x2,torch.float4_e2m1fn_x2,QuantType.per_1x32,1,0,32,0,37.1619,flydsl_moe1_afp4_wfp4_bf16_t32x64x256_w4_fp4,0.9%,25.1695,flydsl_moe2_layout_afp4_wfp4_bf16_t32x128x256_atomic_persist_nt_sbm32,1.1%,62.3314,0,0,0,271.31,9702.43,
gfx950,256,64,4096,1536,64,7,ActivationType.Silu,torch.bfloat16,torch.float4_e2m1fn_x2,torch.float4_e2m1fn_x2,QuantType.per_1x32,1,0,32,0,69.4909,flydsl_moe1_afp4_wfp4_bf16_t32x64x256_w4_kw2_fp4,0.9%,41.6319,flydsl_moe2_layout_afp4_wfp4_bf16_t32x128x256_atomic_persist_nt_sbm32,1.1%,111.1228,0,0,0,152.19,10877.57,
gfx950,256,64,4096,1536,128,8,ActivationType.Silu,torch.bfloat16,torch.float4_e2m1fn_x2,torch.float4_e2m1fn_x2,QuantType.per_1x32,1,0,32,0,132.5782,flydsl_moe1_afp4_wfp4_bf16_t32x64x256_w3_kw2_fp4,0.9%,73.4351,flydsl_moe2_layout_afp4_wfp4_bf16_t32x256x128_atomic_persist_nt_sbm32,1.1%,206.0133,0,0,0,93.82,11730.82,
gfx950,256,128,4096,1536,16,7,ActivationType.Silu,torch.bfloat16,torch.float4_e2m1fn_x2,torch.float4_e2m1fn_x2,QuantType.per_1x32,1,0,64,0,24.2219,flydsl_moe1_afp4_wfp4_bf16_t64x128x256_w3_fp4,0.9%,20.3702,flydsl_moe2_layout_afp4_wfp4_bf16_t32x128x256_atomic_persist_sbm64,1.1%,44.5921,0,0,0,758.49,6807.55,
gfx950,256,128,4096,1536,32,7,ActivationType.Silu,torch.bfloat16,torch.float4_e2m1fn_x2,torch.float4_e2m1fn_x2,QuantType.per_1x32,1,0,32,0,37.8736,flydsl_moe1_afp4_wfp4_bf16_t32x64x256_w4_kw2_fp4,0.9%,26.5963,flydsl_moe2_layout_afp4_wfp4_bf16_t32x128x256_atomic_nt_sbm32,1.1%,64.4699,0,0,0,524.63,9392.8,
gfx950,256,128,4096,1536,64,7,ActivationType.Silu,torch.bfloat16,torch.float4_e2m1fn_x2,torch.float4_e2m1fn_x2,QuantType.per_1x32,1,0,32,0,69.2832,flydsl_moe1_afp4_wfp4_bf16_t32x64x256_w4_kw2_fp4,0.9%,41.6794,flydsl_moe2_layout_afp4_wfp4_bf16_t32x128x128_atomic_nt_sbm32,1.1%,110.9626,0,0,0,304.81,10900.36,
gfx950,256,128,4096,1536,128,8,ActivationType.Silu,torch.bfloat16,torch.float4_e2m1fn_x2,torch.float4_e2m1fn_x2,QuantType.per_1x32,1,0,32,0,133.479,flydsl_moe1_afp4_wfp4_bf16_t32x64x256_w4_kw2_fp4,0.9%,73.31,flydsl_moe2_layout_afp4_wfp4_bf16_t32x128x256_atomic_nt_sbm32,1.1%,206.789,0,0,0,186.93,11690.62,
gfx950,256,256,4096,1536,16,7,ActivationType.Silu,torch.bfloat16,torch.float4_e2m1fn_x2,torch.float4_e2m1fn_x2,QuantType.per_1x32,1,0,128,0,29.1202,flydsl_moe1_afp4_wfp4_bf16_t128x128x256_w3_fp4,0.1%,27.1784,flydsl_moe2_afp4_wfp4_bf16_t64x128x256_atomic_sbm128,2.2%,56.2986,0,0,0,1201.55,5419.95,
gfx950,256,256,4096,1536,32,7,ActivationType.Silu,torch.bfloat16,torch.float4_e2m1fn_x2,torch.float4_e2m1fn_x2,QuantType.per_1x32,1,0,64,0,41.5613,flydsl_moe1_afp4_wfp4_bf16_t64x64x256_w4_fp4,0.9%,31.4835,flydsl_moe2_layout_afp4_wfp4_bf16_t64x128x256_atomic_nt_sbm64,1.1%,73.0448,0,0,0,926.09,8311.69,
gfx950,256,256,4096,1536,64,7,ActivationType.Silu,torch.bfloat16,torch.float4_e2m1fn_x2,torch.float4_e2m1fn_x2,QuantType.per_1x32,1,0,32,0,71.3809,flydsl_moe1_afp4_wfp4_bf16_t32x128x256_w2_fp4,0.9%,43.9081,flydsl_moe2_layout_afp4_wfp4_bf16_t32x128x256_atomic_persist_nt_sbm32,1.1%,115.289,0,0,0,586.75,10504.95,
gfx950,256,256,4096,1536,128,8,ActivationType.Silu,torch.bfloat16,torch.float4_e2m1fn_x2,torch.float4_e2m1fn_x2,QuantType.per_1x32,1,0,32,0,135.9803,flydsl_moe1_afp4_wfp4_bf16_t32x64x256_w3_kw2_fp4,0.9%,75.5946,flydsl_moe2_layout_afp4_wfp4_bf16_t32x128x256_atomic_nt_sbm32,1.1%,211.5749,0,0,0,365.4,11433.61,
gfx950,256,512,4096,1536,16,7,ActivationType.Silu,torch.bfloat16,torch.float4_e2m1fn_x2,torch.float4_e2m1fn_x2,QuantType.per_1x32,1,0,64,0,46.0757,flydsl_moe1_afp4_wfp4_bf16_t64x128x256_w3_bnt0_fp4,0.9%,41.4212,flydsl_moe2_layout_afp4_wfp4_bf16_t64x128x256_atomic_sbm64,1.1%,87.4969,0,0,0,1546.24,3523.34,
gfx950,256,512,4096,1536,32,7,ActivationType.Silu,torch.bfloat16,torch.float4_e2m1fn_x2,torch.float4_e2m1fn_x2,QuantType.per_1x32,1,0,128,0,55.6236,flydsl_moe1_afp4_wfp4_bf16_t128x128x256_w3_fp4,0.9%,45.5951,flydsl_moe2_layout_afp4_wfp4_bf16_t64x128x256_atomic_sbm128,1.1%,101.2187,0,0,0,1336.63,6029.23,
gfx950,256,512,4096,1536,64,7,ActivationType.Silu,torch.bfloat16,torch.float4_e2m1fn_x2,torch.float4_e2m1fn_x2,QuantType.per_1x32,1,0,64,0,74.5166,flydsl_moe1_afp4_wfp4_bf16_t64x128x256_w3_fp4,0.9%,51.4282,flydsl_moe2_layout_afp4_wfp4_bf16_t64x128x256_atomic_nt_sbm64,1.1%,125.9448,0,0,0,1074.21,9641.14,
gfx950,256,512,4096,1536,128,8,ActivationType.Silu,torch.bfloat16,torch.float4_e2m1fn_x2,torch.float4_e2m1fn_x2,QuantType.per_1x32,1,0,64,0,137.6213,flydsl_moe1_afp4_wfp4_bf16_t64x128x256_w4_fp4,0.1%,86.6377,flydsl_moe2_layout_afp4_wfp4_bf16_t64x256x256_atomic_persist_sbm64,2.5%,224.259,0,0,0,689.47,10800.95,
gfx950,256,1024,4096,1536,16,7,ActivationType.Silu,torch.bfloat16,torch.float4_e2m1fn_x2,torch.float4_e2m1fn_x2,QuantType.per_1x32,1,0,64,0,71.3532,flydsl_moe1_afp4_wfp4_bf16_t64x128x256_w2_bnt0_fp4,0.9%,65.2325,flydsl_moe2_layout_afp4_wfp4_bf16_t64x128x256_atomic_sbm64,1.1%,136.5857,0,0,0,1981.05,2303.12,
gfx950,256,1024,4096,1536,32,7,ActivationType.Silu,torch.bfloat16,torch.float4_e2m1fn_x2,torch.float4_e2m1fn_x2,QuantType.per_1x32,1,0,128,0,87.7857,flydsl_moe1_afp4_wfp4_bf16_t128x128x256_w3_bnt0_fp4,0.9%,69.524,flydsl_moe2_layout_afp4_wfp4_bf16_t64x128x256_atomic_sbm128,1.1%,157.3097,0,0,0,1720.07,3919.42,
gfx950,256,1024,4096,1536,64,7,ActivationType.Silu,torch.bfloat16,torch.float4_e2m1fn_x2,torch.float4_e2m1fn_x2,QuantType.per_1x32,1,0,128,0,95.3673,flydsl_moe1_afp4_wfp4_bf16_t128x128x256_w3_fp4,0.9%,78.8231,flydsl_moe2_layout_afp4_wfp4_bf16_t64x128x256_atomic_sbm128,1.1%,174.1904,0,0,0,1553.37,7006.94,
gfx950,256,1024,4096,1536,128,8,ActivationType.Silu,torch.bfloat16,torch.float4_e2m1fn_x2,torch.float4_e2m1fn_x2,QuantType.per_1x32,1,0,64,0,144.2103,flydsl_moe1_afp4_wfp4_bf16_t64x128x256_w4_fp4,0.9%,90.9049,flydsl_moe2_layout_afp4_wfp4_bf16_t64x128x256_atomic_nt_sbm64,1.1%,235.1152,0,0,0,1315.26,10328.99,
gfx950,256,2048,4096,1536,16,7,ActivationType.Silu,torch.bfloat16,torch.float4_e2m1fn_x2,torch.float4_e2m1fn_x2,QuantType.per_1x32,1,0,64,0,127.1782,flydsl_moe1_afp4_wfp4_bf16_t64x128x256_w4_bnt0_fp4,0.9%,113.2834,flydsl_moe2_layout_afp4_wfp4_bf16_t64x128x256_atomic_sbm64,1.1%,240.4616,0,0,0,2250.53,1360.53,
gfx950,256,2048,4096,1536,32,7,ActivationType.Silu,torch.bfloat16,torch.float4_e2m1fn_x2,torch.float4_e2m1fn_x2,QuantType.per_1x32,1,0,64,0,134.457,flydsl_moe1_afp4_wfp4_bf16_t64x128x256_w2_bnt0_fp4,0.9%,115.5511,flydsl_moe2_layout_afp4_wfp4_bf16_t64x128x256_atomic_sbm64,1.1%,250.0081,0,0,0,2164.59,2516.5,
gfx950,256,2048,4096,1536,64,7,ActivationType.Silu,torch.bfloat16,torch.float4_e2m1fn_x2,torch.float4_e2m1fn_x2,QuantType.per_1x32,1,0,64,0,164.852,flydsl_moe1_afp4_wfp4_bf16_t64x128x256_w4_bnt0_xcd4_fp4,0.9%,124.3279,flydsl_moe2_layout_afp4_wfp4_bf16_t64x128x256_atomic_sbm64,1.1%,289.1799,0,0,0,1871.38,4264.22,
gfx950,256,2048,4096,1536,128,8,ActivationType.Silu,torch.bfloat16,torch.float4_e2m1fn_x2,torch.float4_e2m1fn_x2,QuantType.per_1x32,1,0,128,0,185.3205,flydsl_moe1_afp4_wfp4_bf16_t128x128x256_w3_fp4,0.9%,149.9013,flydsl_moe2_layout_afp4_wfp4_bf16_t64x128x256_atomic_persist_sbm128,1.1%,335.2218,0,0,0,1844.97,7282.0,
gfx950,256,4096,4096,1536,16,7,ActivationType.Silu,torch.bfloat16,torch.float4_e2m1fn_x2,torch.float4_e2m1fn_x2,QuantType.per_1x32,1,0,64,0,225.8695,flydsl_moe1_afp4_wfp4_bf16_t64x128x256_w3_bnt0_fp4,0.9%,203.9696,flydsl_moe2_layout_afp4_wfp4_bf16_t64x128x256_atomic_sbm64,1.1%,429.8391,0,0,0,2517.99,819.66,
gfx950,256,4096,4096,1536,32,7,ActivationType.Silu,torch.bfloat16,torch.float4_e2m1fn_x2,torch.float4_e2m1fn_x2,QuantType.per_1x32,1,0,64,0,232.1856,flydsl_moe1_afp4_wfp4_bf16_t64x128x256_w3_bnt0_fp4,0.9%,206.4865,flydsl_moe2_layout_afp4_wfp4_bf16_t64x128x256_atomic_sbm64,1.1%,438.6721,0,0,0,2467.29,1491.57,
gfx950,256,4096,4096,1536,64,7,ActivationType.Silu,torch.bfloat16,torch.float4_e2m1fn_x2,torch.float4_e2m1fn_x2,QuantType.per_1x32,1,0,64,0,249.3519,flydsl_moe1_afp4_wfp4_bf16_t64x128x256_w4_bnt0_fp4,0.9%,209.0772,flydsl_moe2_layout_afp4_wfp4_bf16_t64x128x256_atomic_sbm64,1.1%,458.4291,0,0,0,2360.96,2744.79,
gfx950,256,4096,4096,1536,128,8,ActivationType.Silu,torch.bfloat16,torch.float4_e2m1fn_x2,torch.float4_e2m1fn_x2,QuantType.per_1x32,1,0,64,0,321.154,flydsl_moe1_afp4_wfp4_bf16_t64x128x256_w3_bnt0_fp4,0.9%,244.5136,flydsl_moe2_layout_afp4_wfp4_bf16_t64x128x256_atomic_sbm64,1.1%,565.6676,0,0,0,2186.71,4359.89,
gfx950,256,8192,4096,1536,16,7,ActivationType.Silu,torch.bfloat16,torch.float4_e2m1fn_x2,torch.float4_e2m1fn_x2,QuantType.per_1x32,1,0,64,0,427.4098,flydsl_moe1_afp4_wfp4_bf16_t64x128x256_w2_bnt0_fp4,0.9%,387.2508,flydsl_moe2_layout_afp4_wfp4_bf16_t64x128x256_atomic_sbm64,1.1%,814.6606,0,0,0,2657.14,494.26,
gfx950,256,8192,4096,1536,32,7,ActivationType.Silu,torch.bfloat16,torch.float4_e2m1fn_x2,torch.float4_e2m1fn_x2,QuantType.per_1x32,1,0,64,0,434.6907,flydsl_moe1_afp4_wfp4_bf16_t64x128x256_w3_bnt0_fp4,0.9%,387.6901,flydsl_moe2_layout_afp4_wfp4_bf16_t64x128x256_atomic_sbm64,1.1%,822.3808,0,0,0,2632.19,856.83,
gfx950,256,8192,4096,1536,64,7,ActivationType.Silu,torch.bfloat16,torch.float4_e2m1fn_x2,torch.float4_e2m1fn_x2,QuantType.per_1x32,1,0,64,0,446.8768,flydsl_moe1_afp4_wfp4_bf16_t64x128x256_w3_bnt0_fp4,0.9%,393.3714,flydsl_moe2_layout_afp4_wfp4_bf16_t64x128x256_atomic_sbm64,1.1%,840.2482,0,0,0,2576.22,1557.42,
gfx950,256,8192,4096,1536,128,8,ActivationType.Silu,torch.bfloat16,torch.float4_e2m1fn_x2,torch.float4_e2m1fn_x2,QuantType.per_1x32,1,0,64,0,590.8128,flydsl_moe1_afp4_wfp4_bf16_t64x128x256_w3_bnt0_fp4,0.1%,519.4943,flydsl_moe2_layout_afp4_wfp4_bf16_t64x128x256_atomic_persist_sbm64,2.5%,1110.3072,0,0,0,2228.12,2266.56,
gfx950,256,16384,4096,1536,16,7,ActivationType.Silu,torch.bfloat16,torch.float4_e2m1fn_x2,torch.float4_e2m1fn_x2,QuantType.per_1x32,1,0,64,0,815.0145,flydsl_moe1_afp4_wfp4_bf16_t64x128x256_w4_bnt0_fp4,0.9%,757.8625,flydsl_moe2_layout_afp4_wfp4_bf16_t64x128x256_atomic_sbm64,1.1%,1572.877,0,0,0,2752.49,320.0,
gfx950,256,16384,4096,1536,32,7,ActivationType.Silu,torch.bfloat16,torch.float4_e2m1fn_x2,torch.float4_e2m1fn_x2,QuantType.per_1x32,1,0,64,0,835.1063,flydsl_moe1_afp4_wfp4_bf16_t64x128x256_w3_bnt0_fp4,0.9%,760.6037,flydsl_moe2_layout_afp4_wfp4_bf16_t64x256x128_atomic_sbm64,1.1%,1595.71,0,0,0,2713.1,504.67,
gfx950,256,16384,4096,1536,64,7,ActivationType.Silu,torch.bfloat16,torch.float4_e2m1fn_x2,torch.float4_e2m1fn_x2,QuantType.per_1x32,1,0,64,0,841.2169,flydsl_moe1_afp4_wfp4_bf16_t64x128x256_w3_bnt0_fp4,0.9%,764.2269,flydsl_moe2_layout_afp4_wfp4_bf16_t64x256x128_atomic_sbm64,1.1%,1605.4438,0,0,0,2696.65,877.82,
gfx950,256,16384,4096,1536,128,8,ActivationType.Silu,torch.bfloat16,torch.float4_e2m1fn_x2,torch.float4_e2m1fn_x2,QuantType.per_1x32,1,0,64,0,1035.1896,flydsl_moe1_afp4_wfp4_bf16_t64x128x256_w4_bnt0_fp4,0.1%,996.1218,flydsl_moe2_layout_afp4_wfp4_bf16_t64x128x256_atomic_persist_sbm64,2.5%,2031.3114,0,0,0,2435.77,1288.45,
gfx950,256,32768,4096,1536,16,7,ActivationType.Silu,torch.bfloat16,torch.float4_e2m1fn_x2,torch.float4_e2m1fn_x2,QuantType.per_1x32,1,0,64,0,1618.7602,flydsl_moe1_afp4_wfp4_bf16_t64x128x256_w4_bnt0_fp4,0.9%,1536.3719,flydsl_moe2_layout_afp4_wfp4_bf16_t64x256x128_atomic_sbm64,1.1%,3155.1321,0,0,0,2744.31,223.33,
gfx950,256,32768,4096,1536,32,7,ActivationType.Silu,torch.bfloat16,torch.float4_e2m1fn_x2,torch.float4_e2m1fn_x2,QuantType.per_1x32,1,0,64,0,1620.9277,flydsl_moe1_afp4_wfp4_bf16_t64x128x256_w3_bnt0_fp4,0.9%,1542.1624,flydsl_moe2_layout_afp4_wfp4_bf16_t64x256x128_atomic_sbm64,1.1%,3163.0901,0,0,0,2737.4,318.24,
gfx950,256,32768,4096,1536,64,7,ActivationType.Silu,torch.bfloat16,torch.float4_e2m1fn_x2,torch.float4_e2m1fn_x2,QuantType.per_1x32,1,0,64,0,1650.7784,flydsl_moe1_afp4_wfp4_bf16_t64x128x256_w3_bnt0_fp4,0.9%,1498.4742,flydsl_moe2_layout_afp4_wfp4_bf16_t64x256x128_atomic_sbm64,1.1%,3149.2526,0,0,0,2749.43,511.43,
gfx950,256,32768,4096,1536,128,8,ActivationType.Silu,torch.bfloat16,torch.float4_e2m1fn_x2,torch.float4_e2m1fn_x2,QuantType.per_1x32,1,0,64,0,1932.1242,flydsl_moe1_afp4_wfp4_bf16_t64x128x256_w4_bnt0_fp4,0.1%,2073.3192,flydsl_moe2_layout_afp4_wfp4_bf16_t64x128x256_atomic_persist_sbm64,2.5%,4005.4434,0,0,0,2470.54,703.69,
